{
    "r_prec": {
        "boot-loader-facet-9ae7f2de-8f58-4bd6-b050-c30704ff7782": 1.0,
        "content-data-facet-66ebc116-ab04-4371-98d3-37636b8db756": 1.0,
        "data-range-facet-139e35d8-3a76-4320-86d1-05d136c8d128": 1.0,
        "data-range-facet-15096817-ed26-4b4d-9697-c4291e1d055a": 1.0,
        "data-range-facet-9569acd6-94a2-4934-a886-db3f3591c6b9": 1.0,
        "data-range-facet-e5ceec7a-b273-4460-9edf-f778a5744740": 1.0,
        "data-range-facet-f4a40b62-4904-4b09-aa14-9f132b4780bc": 1.0,
        "file-facet-3664fa42-2c49-4315-862d-528a99204092": 1.0,
        "simple-name-facet-deeb96a3-4ff4-421b-af13-b0c6088e05c8": 1.0,
        "9999237a-6d7f-4e96-bbef-6eb4c0a69999": 0.875,
        "mobileaccount-4b3cdcbd-6a31-462f-be9b-1ca2944c8876": 0.875,
        "phoneaccount-b6f2f869-0e70-4ee8-bc2e-0046fa8fc416": 0.875,
        "email-address-facet-0d246f05-1cf0-49f0-a7b9-47aa62185113": 0.8,
        "organization-att-d60ffcec-4d89-48a1-b264-9cd4bc700a70": 0.8,
        "organization-lge-e7ae1d96-e054-44b5-9943-8da6515e8332": 0.8,
        "account-authentication-facet-75964c74-1054-4f3c-bf9d-1e3f3edcff30": 0.75,
        "account-facet-8770c7a5-d027-4ca2-b6ed-953380cc17e4": 0.75,
        "account-facet-c90795be-47ec-49cc-9f1d-e74a427262e9": 0.75,
        "account-facet-ccba5bf1-e927-40a9-bce5-d6dc8a3d8758": 0.75,
        "account-facet-fb1a2b29-018f-4c2d-ac02-797112901c8c": 0.75,
        "data-range-facet-399f540f-064c-4f57-b547-30f7648f1bdb": 0.75,
        "digital-account-facet-90a397d9-d615-4d57-af0d-9013a45ff862": 0.75,
        "file-facet-0ed4b885-1229-45f8-b31c-4c48392ac5a8": 0.75,
        "investigative-action-4d3778d9-8376-4277-9852-8e6bf926a5d1": 0.75,
        "path-relation-facet-0c7b2d7c-7aaa-406f-b0f7-4fd80c34f0d6": 0.75,
        "camera-xml-e2066a67-4eee-4893-b7b9-ef6c72149044": 0.7142857142857143,
        "sms-message-2c032220-8c21-11e9-9c99-0c4de9c21b53": 0.7142857142857143,
        "software-cc22d2f4-636d-4cf2-bec4-0b91aa9926de": 0.7142857142857143,
        "organization-facebook-fcb0d2ee-e681-4314-98c3-47fb2541aae9": 0.6,
        "organization-magnet-1ad4338b-fa60-4823-b9af-38de3d388e36": 0.6,
        "organization-textapp-a2ba855b-1218-44f5-9f73-a2530defbc73": 0.6,
        "application-facebook-25e8018f-49be-4898-bb1d-731e387e9eb7": 0.5714285714285714,
        "downloaded-file-3961dae3-2bca-4ccb-97fd-9919192e81db": 0.5714285714285714,
        "lge-device-eee670c6-01d4-4e42-bb6b-ebeca149b168": 0.5714285714285714,
        "message-9999898c-0178-4534-8107-caea0a0f9999": 0.5714285714285714,
        "mmssmsdb-journalfile-c05ebe49-b8a9-4f61-b872-88f6f304a3c6": 0.5714285714285714,
        "simcard-24d20c80-f035-40ae-88dd-fc66f70180f6": 0.5714285714285714,
        "skype-99992808-7341-40d3-9285-774d865a9999": 0.5714285714285714,
        "textapp-9b38d51f-f5b9-4740-9968-6f1a1e1ec7bf": 0.5714285714285714,
        "account-authentication-facet-953fadd8-3a81-48f5-bf30-6d2f5b76b264": 0.5,
        "account-facet-6dcb6fea-adb3-49b8-b929-1ef18e82c3f1": 0.5,
        "account-facet-75bfb201-2b4a-4dea-aa1d-459267ace0f3": 0.5,
        "android-device-facet-2b3356eb-0ce4-4671-a80b-7d5cead82a8c": 0.5,
        "application-account-facet-074bd62f-b071-44d9-a934-d11d21b45970": 0.5,
        "application-facet-134b1129-c58e-4fbb-9383-923688bf8a16": 0.5,
        "content-data-facet-72b3d73c-f7a7-419e-957b-6f4fd4dcd8c1": 0.5,
        "content-data-facet-bc527b6f-af29-4d16-9557-05d79b51ac6b": 0.5,
        "content-data-facet-c0a55cb3-6caf-4226-bc99-b2a6b4bfb802": 0.5,
        "data-range-facet-4e75e42d-d972-4b16-904e-91e1d6310a1d": 0.5,
        "device-facet-27755568-25ae-4db6-850c-ba97da0fd507": 0.5,
        "disk-partition-facet-2c7eda6d-dd5e-44d4-ba1f-fd9a879bd854": 0.5,
        "email-account-bfe874d4-b094-4859-85d4-bca2d20e3d1d": 0.5,
        "email-account-facet-94be1c5b-247e-45a0-84e3-ef1c270ccf81": 0.5,
        "ext-inode-facet-010753fc-e14d-41f2-9d82-2d1caeb45f43": 0.5,
        "ext-inode-facet-405861b3-82e1-49d1-90f7-26fbfc3bc19c": 0.5,
        "ext-inode-facet-7fff44a4-d05d-4149-b6a4-6b66ebfa6a17": 0.5,
        "file-facet-2761e29c-e282-4147-a6d5-1a6fde1d75ec": 0.5,
        "file-facet-3295df4a-1c4f-4ffc-9c54-b7af1ec9f829": 0.5,
        "file-facet-443e35ef-0357-40d4-874b-475eddee735c": 0.5,
        "file-facet-7595eb3c-fd0f-4ef5-acd6-019ea87613c2": 0.5,
        "file-system-facet-0195c87e-151f-407f-82e7-9c6b19463430": 0.5,
        "lat-long-coordinates-facet-c72523a2-52a7-49f0-9709-b8bacb1dc90a": 0.5,
        "message-facet-9b01629a-6c67-4dce-8d6e-ff0b7b38ccf4": 0.5,
        "message-facet-d6e7f706-ad87-4a96-82cb-fe54dade5f09": 0.5,
        "mobile-account-facet-cfaf632e-ea3a-4808-871a-151181040393": 0.5,
        "mobile-device-facet-b03b6c7e-85f8-4a07-8069-e40e2f1a06fe": 0.5,
        "operating-system-facet-478dc553-2d39-45ff-8974-d3d1b8df7c75": 0.5,
        "phone-account-facet-0bc2e99c-6734-4072-bc3f-6c2330678d74": 0.5,
        "phone-account-facet-c34e1761-ed44-40fa-aac0-33305c743958": 0.5,
        "recovered-object-facet-7892602f-d286-4a16-bd12-2cba8feae993": 0.5,
        "sim-card-facet-15765152-c1d9-40f2-91d9-c10885fdf077": 0.5,
        "table-relation-facet-17fb8bb8-91d4-4f16-af9e-17efbae05464": 0.5,
        "table-relation-facet-cd4940c2-f1ad-4b12-b57c-f07150958f94": 0.5,
        "table-relation-facet-f5124067-62a3-4805-93c6-09fe591c63b1": 0.5,
        "url-b7906534-0483-4cf4-979c-5351916602ed": 0.5,
        "url-facet-f2618636-aec3-459e-bda7-eeedfbeac3c0": 0.5,
        "url-history-facet-a455b867-957e-4fce-a0ad-1af9c6fa4edb": 0.5,
        "filesystem-relationship-f64f857e-6c87-417f-9166-5aaaed8a6fd2": 0.4,
        "organization-skypeapp-cc44c2ae-bdd3-4df8-9ca3-1f58d682d62b": 0.4,
        "provenance-record-b84dc6ca-6187-4fc3-b5f1-c15142b103a8": 0.4,
        "relationship-6d96bcc8-5527-49a3-9442-3f8b0319c33f": 0.4,
        "simcard1-relationship-d6b69721-9ac7-460b-910a-b45702fad215": 0.4,
        "simple-name-facet-f9766ba3-3539-404b-bb05-ed422c56e677": 0.4,
        "forensicimage-e656ccdf-4341-418b-ad93-20829e6eea5d": 0.375,
        "bluetooth-address-facet-d8e6290e-6abc-4efd-af81-8ea6ce8951a1": 0.3333333333333333,
        "cameralocation-relationship-c6f64e98-68c5-4d2e-9ae8-a7e110f2ac83": 0.3333333333333333,
        "configuration-6cd3efd7-9550-4913-94a4-92d2579dc778": 0.3333333333333333,
        "configuration-entry-2f273d07-a72a-4353-a02c-30167e6d7e5a": 0.3333333333333333,
        "configuration-entry-a7a16a63-7c5b-4834-97b3-a9f45a32db47": 0.3333333333333333,
        "hash-0fa1dc4c-8fa2-5d5e-a903-fc5d70d151c4": 0.3333333333333333,
        "hash-4656ab50-2658-5b66-9416-032235d2d8d5": 0.3333333333333333,
        "hash-7ca0e7ac-6898-54cd-a97c-1f971dd0b36e": 0.3333333333333333,
        "hash-8dcf3da6-f5b1-56b2-b7ad-39a4246f0ff5": 0.3333333333333333,
        "hash-b5132ecb-a53c-5471-a08d-09426ea2991c": 0.3333333333333333,
        "hash-eb771978-d3b4-5e6e-a707-99a854a1dcf2": 0.3333333333333333,
        "relationship-6d7a7a20-ca70-4f7f-994d-c2db39e08545": 0.3333333333333333,
        "skypemsg-eafca388-f926-4d48-864d-1bfdd3a2ba7f": 0.3333333333333333,
        "url-history-d86828ae-ea1f-4433-97ad-114ace6c36ca": 0.3333333333333333,
        "url-history-entry-193a7fc6-5f15-4b3c-8763-f1dc3c9bfd14": 0.3333333333333333,
        "wifi-address-facet-57724dcb-18f7-4913-a659-64ca79336107": 0.3333333333333333,
        "bfe049a6-fa3f-4bf6-9c37-9b09cc6afe6b": 0.2857142857142857,
        "downloaded-directory-9999dae3-2bca-4ccb-97fd-9919192e9999": 0.2857142857142857,
        "skypeapp-a6b73e78-00da-11eb-a396-acde48001122": 0.2857142857142857,
        "email-address-d6fbe80f-9098-4650-b7a8-0b0e225cec2b": 0.25,
        "bundle-5715fcf3-6bc8-4996-8f7f-fdf289f31649": 0.2,
        "investigation-555e5fbb-ba09-449d-af77-8a210d016fd7": 0.2,
        "provenance-record-9bd9c456-5965-4782-8285-5fee34c8ddd2": 0.2,
        "filesystem-e2a02b5a-7e7e-489f-ab43-3ffadab4ac82": 0.16666666666666666,